Email,Business,City,Category,Gap,HasWebsite,Status
info@legbishopltd.co.uk,L E G Bishop & Sons Ltd,Bristol,builders,No website; No reviews,yes,
info@stoneviewdriveways.co.uk,Stone View Home Improvements,Bristol,driveway and paving,No website; No reviews,yes,
countrylanelands@btinternet.com,Country Lane Landscapes Ltd,Birmingham,landscapers,No website; No reviews,yes,
jaywayfitness@gmail.com,JAYWAY FITNESS,Birmingham,personal trainers,No website; No reviews,no,
westway@highperformancevision.co.uk,BROCK,Bristol,opticians,No website; Only 1 reviews,yes,
info@roof-shield.co.uk,Roof Shield,Bristol,roofers,No website; Only 2 reviews,yes,
admin@fuseland.net,Fuseland Electrical Services Ltd,Bristol,electricians,No website; Only 2 reviews,yes,
attewell-smith@hotmail.com,Attewell-Smith Builders,Bristol,builders,No website; Only 3 reviews,yes,
aeroaccountancy@gmail.com,Aero Accountancy Services,Bristol,accountants,No website; Only 4 reviews,no,
liamcrawfordpt@gmail.com,Liam Crawford Fitness,Bristol,personal trainers,No website; Only 9 reviews,no,
sales@parkfieldbs.co.uk,Parkfield Building Services Ltd,Birmingham,builders,No website; Only 13 reviews,yes,
zafiro@hotmail.co.uk,Gaynor Steele Garden Design,Birmingham,landscapers,No website; Only 15 reviews,yes,
info@bathroomenvy.co.uk,Bathroom Envy,Birmingham,bathroom fitters,No website; Only 17 reviews,yes,
hiltonkitchens@outlook.com,Hilton Kitchens & Bedrooms Ltd,Birmingham,kitchen fitters,No website; Only 19 reviews,yes,
info@excelkitchensandbedrooms.co.uk,Excel Kitchens & Bedrooms Ltd,Birmingham,kitchen fitters,No website,yes,
enquiries@dkroofingsolutions.co.uk,DKRoofingSolutionsUK,Birmingham,roofers,No website,yes,
oaktreeestates@hotmail.co.uk,Oak Tree Estates,Birmingham,estate agents,No website,yes,
devon@mydhmcoaching.com,DHM Coaching,Birmingham,personal trainers,No website,yes,
info@awsolicitors.com,Allison Wells solicitors,Birmingham,solicitors,No website,no,
premium.health.and.fitness@gmail.com,Premium Fitness Birmingham,Birmingham,gyms,No website,no,
enquiry@hanifsolicitors.co.uk,Hanif & Company Solicitors,Birmingham,solicitors,No website,yes,
referrals@rowevetgroup.com,Rowe Veterinary Referrals,Bristol,vets,No website,yes,
blomehairdressing@hotmail.co.uk,Blow Me Hairdressing,Bristol,hair salons,No website,yes,
maginnis.opticians@gmail.com,Maginnis Opticians Marston Green,Birmingham,opticians,No website,no,
hyltoncafe@hotmail.com,Hylton Cafe,Birmingham,cafes,No website,no,
cafephilia.com@gmail.com,Cafephilia,Birmingham,cafes,No website,no,
brm@langfordvets.co.uk,Langford Vets Small Animal Referral Hospital,Bristol,vets,No website,yes,
info@smbuild.co.uk,SM Build,Bristol,builders,No reviews,yes,
bristolroofs@outlook.com,Bristol roofs,Bristol,roofers,No reviews,yes,
support@hvacexperts.com,BRISTOL & DISTRICT ROOFING LTD,Bristol,roofers,No reviews,yes,
info@plumbersinbristol.co.uk,Flow Sure Plumbers,Bristol,plumbers,No reviews,yes,
tradepricebristol@gmail.com,South West Driveways & Roofing,Bristol,driveway and paving,No reviews,yes,
gloucestershire@drivewayandpatiospecialists.co.uk,Driveway and Patio Specialists,Bristol,driveway and paving,No reviews,yes,
hello@apexsupplements.co.uk,ProBody Fitness,Bristol,personal trainers,No reviews,yes,
contact@thebristolmortgagebroker.com,The Bristol Mortgage Broker,Bristol,mortgage brokers,No reviews,yes,
services@maid2clean.co.uk,Maid2clean Bristol Ltd,Bristol,cleaning companies,No reviews,yes,
pureperfectionbathroomskitchen@gmail.com,Pure Perfection Bathrooms & Kitchens,Birmingham,kitchen fitters,No reviews,yes,
bryan@townbuildersconstruction.com,Town Builders Construction,Birmingham,builders,No reviews,yes,
info@testeam.co.uk,West Bromwich Electricians -Technical Electrical Solutions,Birmingham,electricians,No reviews,yes,
helloboilerserve@gmail.com,HELLO Local Plumber Birmingham - The plumbing and boiler experts,Birmingham,plumbers,No reviews,yes,
damian@needingadvice.co.uk,Mortgage brokers Birmingham,Birmingham,mortgage brokers,No reviews,yes,
hello@24cleaningsltd.com,24CLEANING - Professional Office and Deep Cleaning Services,Birmingham,cleaning companies,No reviews,yes,
info@castleconstructionbristol.co.uk,Castle Construction (Bristol) Ltd,Bristol,builders,Only 1 reviews,yes,
info@bristolroofcompany.co.uk,Bristol Roof Company,Bristol,roofers,Only 1 reviews,yes,
info@cabotroofing.co.uk,Cabot Roofing ltd,Bristol,roofers,Only 1 reviews,yes,
enquiries@rockroofing.co.uk,Rock Roofing Ltd,Bristol,roofers,Only 1 reviews,yes,
mike@mjclandscapes.com,MJC Landscapes,Bristol,landscapers,Only 1 reviews,yes,
keran@liveelectrics.com,Live Electrical Services,Bristol,electricians,Only 1 reviews,yes,
resindrivewaysbristol@gmail.com,Resin Driveways Bristol,Bristol,driveway and paving,Only 1 reviews,yes,
hello@tradeaccounting.co.uk,Trade Accounting,Bristol,accountants,Only 1 reviews,yes,
covid19support@jarmanaccountancy.com,Jarman Accountancy,Bristol,accountants,Only 1 reviews,yes,
darren@westexe-mortgages.co.uk,Westexe Mortgage Solutions Ltd,Bristol,mortgage brokers,Only 1 reviews,yes,
info@mortgage-maze.co.uk,The Mortgage Maze Ltd,Bristol,mortgage brokers,Only 1 reviews,yes,
info@thecfg.co.uk,The Bristol Commercial Cleaning Company,Bristol,cleaning companies,Only 1 reviews,yes,
info@greggroofing.co.uk,Gregg Roofing Services Ltd,Birmingham,roofers,Only 1 reviews,yes,
info@rooferkingstanding.co.uk,Kingstanding Roofing,Birmingham,roofers,Only 1 reviews,yes,
alex@lillysgardening.com,Lilly’s Landscapes & Gardens,Birmingham,landscapers,Only 1 reviews,yes,
evanslandscapes@hotmail.co.uk,Evans Landscapes,Birmingham,landscapers,Only 1 reviews,yes,
hello@utopialandscapes.co.uk,Utopia Landscaping,Birmingham,landscapers,Only 1 reviews,yes,
info@yeselectrical.co.uk,YES Electrical,Birmingham,electricians,Only 1 reviews,yes,
info@driveways-birmingham.com,Paving and Driveways Birmingham,Birmingham,driveway and paving,Only 1 reviews,yes,
mapdetailscom@gmail.com,driveway paving birmingham,Birmingham,driveway and paving,Only 1 reviews,yes,
elliott.edward@gmail.com,FARE Outdoor Construction,Birmingham,driveway and paving,Only 1 reviews,yes,
uniquedrivesandpatiosltd@hotmail.com,Unique Drives & Patios,Birmingham,driveway and paving,Only 1 reviews,yes,
info@contabilbirmingham.co.uk,Contabil Roman Birmingham,Birmingham,accountants,Only 1 reviews,yes,
birmingham@uhy-uk.com,UHY Hacker Young (Birmingham),Birmingham,accountants,Only 1 reviews,yes,
callie@myahm.net,"Elite Mortgage Partners - Birmingham, AL",Birmingham,mortgage brokers,Only 1 reviews,yes,
mapdetailscom@gmail.com,Sweet cattery,Birmingham,vets,Only 1 reviews,yes,
info@cleaningnationwide.co.uk,Cleaning Nationwide Ltd,Birmingham,cleaning companies,Only 1 reviews,yes,
pgconstructionwsm@gmail.com,PG Construction,Bristol,bathroom fitters,Only 2 reviews,yes,
info@akwbuildingservices.co.uk,A K W Building Services Ltd,Bristol,builders,Only 2 reviews,yes,
enquiries@sandpbuilders.co.uk,S&P Builders Ltd,Bristol,builders,Only 2 reviews,yes,
halgroupmark@gmail.com,Hal Build,Bristol,builders,Only 2 reviews,yes,
darrel24@msn.com,Frampton Roofing,Bristol,roofers,Only 2 reviews,yes,
info@incastone.co.uk,Incastone Landscaping,Bristol,landscapers,Only 2 reviews,yes,
info@emergencyplumbingnonstop.co.uk,Emergency Plumbing Nonstop Bristol,Bristol,plumbers,Only 2 reviews,yes,
info@bristoldriveways.co.uk,Bristol Driveways,Bristol,driveway and paving,Only 2 reviews,yes,
info@totalpatiodrivewaysolutions.co.uk,Total Patio & Driveway Solutions,Bristol,driveway and paving,Only 2 reviews,yes,
info@aandtsurfacing.co.uk,A & T (Bristol) Ltd,Bristol,driveway and paving,Only 2 reviews,yes,
lema.yousofi@hotmail.com,Aesthetics and Beyond,Bristol,aesthetic clinics,Only 2 reviews,yes,
swishdrivingschool@gmail.com,Swish Driving School,Bristol,driving schools,Only 2 reviews,yes,
info@mdcbuilders.co.uk,MDC Builders - Home Extension and Renovation,Birmingham,builders,Only 2 reviews,yes,
epsbuilders@hotmail.com,EPS Builders Limited,Birmingham,builders,Only 2 reviews,yes,
enquiries@waterside-landscapes.co.uk,Waterside Landscapes,Birmingham,landscapers,Only 2 reviews,yes,
timsplumbing@outlook.com,Tim's Plumbing LLC,Birmingham,plumbers,Only 2 reviews,yes,
rfarmer@dains.com,Dains Accountants Limited - Birmingham,Birmingham,accountants,Only 2 reviews,yes,
enquiries@midlandaccountants.co.uk,Midland Accountants,Birmingham,accountants,Only 2 reviews,yes,
info@avenuefinancialservices.co.uk,Avenue Financial Services,Birmingham,mortgage brokers,Only 2 reviews,yes,
stephanie.gant@silvertonmortgage.com,Silverton Mortgage - Birmingham,Birmingham,mortgage brokers,Only 2 reviews,yes,
info@klaracleaningservices.co.uk,Klara Cleaning Services Limited,Birmingham,cleaning companies,Only 2 reviews,yes,
info@wrightwayofficecleaning.co.uk,wrightway office cleaning ltd,Birmingham,cleaning companies,Only 2 reviews,yes,
info@sanitell.com,Sanitell Cleaning Services Limited,Birmingham,cleaning companies,Only 2 reviews,yes,
hbk.buildingcontractors@yahoo.co.uk,H B K Building Contractors,Bristol,builders,Only 3 reviews,yes,
matthew@stringerconstructltd.co.uk,Stringer Construct Ltd,Bristol,builders,Only 3 reviews,yes,
assuredroofingsw@gmail.com,Assured Roofing South West Ltd,Bristol,roofers,Only 3 reviews,yes,
enquiries@your-solution.co.uk,Your Solution Garden & Landscapes,Bristol,landscapers,Only 3 reviews,yes,
info@cornishgardenservices.co.uk,Cornish Garden Services,Bristol,landscapers,Only 3 reviews,yes,
ben@brpgardenservices.co.uk,BRP Garden services,Bristol,landscapers,Only 3 reviews,yes,
info@ejplumbing.co.uk,EJ Plumbing,Bristol,plumbers,Only 3 reviews,yes,
westcoastlandscapinguk@gmail.com,West coast Landscaping & Gardening,Bristol,driveway and paving,Only 3 reviews,yes,
info@csheppard.co.uk,C Sheppard Limited,Bristol,driveway and paving,Only 3 reviews,yes,
accountants@charltonbaker.co.uk,Charlton Baker Bristol Clifton,Bristol,accountants,Only 3 reviews,yes,
hello@turnerberry.co.uk,TurnerBerry Accountants,Bristol,accountants,Only 3 reviews,yes,
info@esy-tax.co.uk,EasyAccounts and Tax LTD- Bristol Office,Bristol,accountants,Only 3 reviews,yes,
enquiries@tc-group.com,TC Group Accountants West Bristol,Bristol,accountants,Only 3 reviews,yes,
earlyincareer@bdo.co.uk,BDO LLP,Bristol,accountants,Only 3 reviews,yes,
support@netclime.com,Halo Law - Criminal Defence Solicitors & Barristers,Bristol,solicitors,Only 3 reviews,yes,
elaine@mortgagesunlocked.co.uk,Mortgages Unlocked,Bristol,mortgage brokers,Only 3 reviews,yes,
info@ianstuartmortgages.co.uk,Ian Stuart Mortgages Ltd,Bristol,mortgage brokers,Only 3 reviews,yes,
info@basiljames.co.uk,Basil James Financial Services,Bristol,mortgage brokers,Only 3 reviews,yes,
growth@mail.uk,Rob Olivier - DVSA Approved Driving Instructor,Bristol,driving schools,Only 3 reviews,yes,
bscleaning@btconnect.com,B & S Cleaning (Bristol) Limited,Bristol,cleaning companies,Only 3 reviews,yes,
adrian@kitchen-restorers.com,Kitchen Restorers,Birmingham,kitchen fitters,Only 3 reviews,yes,
enquiries@enterpriseelectrical.co.uk,Enterprise Electrical Services Ltd,Birmingham,electricians,Only 3 reviews,yes,
wbedsole@birminghamec.com,Birmingham Electrical Contractors,Birmingham,electricians,Only 3 reviews,yes,
omargasandplumbing@gmail.com,Omar Gas and Plumbing,Birmingham,plumbers,Only 3 reviews,yes,
enq@silverlinedriveways.co.uk,Silverline Driveways,Birmingham,driveway and paving,Only 3 reviews,yes,
ltpaving@outlook.com,LT Paving,Birmingham,driveway and paving,Only 3 reviews,yes,
birmingham@bookcheck.co.uk,BookCheck Birmingham,Birmingham,accountants,Only 3 reviews,yes,
aj@apefinance.co.uk,Mortgage Broker Birmingham - Ape Finance t/a Fetchh,Birmingham,mortgage brokers,Only 3 reviews,yes,
bcteam@mortgagebancllc.com,Ben L Chenault | MortgageBanc SVP Area Manager,Birmingham,mortgage brokers,Only 3 reviews,yes,
samuel@ecmortgage.co.uk,EC Mortgage,Birmingham,mortgage brokers,Only 3 reviews,yes,
info@maypolevets.co.uk,Maypole Vets,Birmingham,vets,Only 3 reviews,yes,
info@4mula1cleaningservicesltd.co.uk,4mula1 Cleaning Services Ltd,Birmingham,cleaning companies,Only 3 reviews,yes,
info@clean360birmingham.co.uk,Clean360 Birmingham,Birmingham,cleaning companies,Only 3 reviews,yes,
hello@bristoljoinery.co,Bristol Joinery Co,Bristol,kitchen fitters,Only 4 reviews,yes,
jonithan@beaufortkitchens.co.uk,Beaufort Bespoke Kitchens & Cabinet Makers,Bristol,kitchen fitters,Only 4 reviews,yes,
bristolcitykitchensandbathrooms@protonmail.com,Bristol City Kitchens and Bathrooms,Bristol,bathroom fitters,Only 4 reviews,yes,
lisa@greenheartuk.com,Greenheart Sustainable Construction,Bristol,builders,Only 4 reviews,yes,
info@sagelandscapes.co.uk,Sage Landscapes,Bristol,landscapers,Only 4 reviews,yes,
info@tomwoodfitness.co.uk,Tom Wood Fitness,Bristol,personal trainers,Only 4 reviews,yes,
info@hannahdonkin.com,Hannah Donkin,Bristol,personal trainers,Only 4 reviews,yes,
j.harris@oceanhome.co.uk,Ocean Mortgages,Bristol,mortgage brokers,Only 4 reviews,yes,
eddie@mirrorsfirstdrivingschool.com,Mirrors First Driving School,Bristol,driving schools,Only 4 reviews,yes,
info@cosmiccleaningbristol.co.uk,Cosmic Cleaning Bristol,Bristol,cleaning companies,Only 4 reviews,yes,
lori@daystarconstruction.com,"Day Star Construction, Inc.",Birmingham,builders,Only 4 reviews,yes,
roofingandgutteringservices1@hotmail.com,Roofing & Guttering Services,Birmingham,roofers,Only 4 reviews,yes,
kcelandscapes@gmail.com,K.C.E Landscapes,Birmingham,landscapers,Only 4 reviews,yes,
dlghomeimprovements@outlook.com,Supreme Landscaping,Birmingham,landscapers,Only 4 reviews,yes,
info@ecelectrical.co.uk,EC Electrical,Birmingham,electricians,Only 4 reviews,yes,
admin@ceslimited.uk.com,CES - Countrywide Electrical Services Ltd,Birmingham,electricians,Only 4 reviews,yes,
ironphenatix@gmail.com,Ironphenatix Training Academy,Birmingham,personal trainers,Only 4 reviews,yes,
info@lt-mortgages.com,LT Mortgages,Birmingham,mortgage brokers,Only 4 reviews,yes,
ryszard@mortgagesfullstop.co.uk,Mortgagesfullstop,Birmingham,mortgage brokers,Only 4 reviews,yes,
support@glimmr.co.uk,Glimmr: House & Office Cleaners in Birmingham,Birmingham,cleaning companies,Only 4 reviews,yes,
courtc@courtconstruction.co.uk,Court Construction (Bristol) Ltd,Bristol,builders,Only 5 reviews,yes,
info@tnt-roofing.co.uk,TnT Roofing Services Bristol,Bristol,roofers,Only 5 reviews,yes,
info@strandekflatroofingbristol.co.uk,Strandek Flat Roofing Bristol,Bristol,roofers,Only 5 reviews,yes,
jproofing@outlook.com,JP Roofing,Bristol,roofers,Only 5 reviews,yes,
admin@paulobrienroofing.co.uk,Paul O'Brien Roofing and Building Ltd,Bristol,roofers,Only 5 reviews,yes,
charlottepaynegardendesign@gmail.com,Charlotte Payne Garden Design,Bristol,landscapers,Only 5 reviews,yes,
info@apclarksurfacingcontractors.co.uk,A P Clark & Son Paving & Surfacing Contractors,Bristol,driveway and paving,Only 5 reviews,yes,
principal@lloydbottoms.co.uk,Lloydbottoms Ltd Chartered Accountants - Bristol - Staple Hill,Bristol,accountants,Only 5 reviews,yes,
info@jflaw.co.uk,JF Law Personal Injury Solicitors,Bristol,solicitors,Only 5 reviews,yes,
query@quaylegal.co.uk,Quay Legal,Bristol,solicitors,Only 5 reviews,yes,
reception@beale-law.com,Bristol Company Solicitors LLP,Bristol,solicitors,Only 5 reviews,yes,
lessons@ontheroaddrivingschool.co.uk,On The Road Driving School,Bristol,driving schools,Only 5 reviews,yes,
sales@affordablecleaning.co.uk,Affordable Cleaning Services,Bristol,cleaning companies,Only 5 reviews,yes,
contact@cleanersbristol.co.uk,Cleaners Bristol,Bristol,cleaning companies,Only 5 reviews,yes,
cjjonesinstallations@outlook.com,C J Jones Installations Ltd,Birmingham,kitchen fitters,Only 5 reviews,yes,
birminghamcontractorsltd@gmail.com,Birmingham Contractors Limited,Birmingham,builders,Only 5 reviews,yes,
info@dblbuilders.co.uk,DBL Builders Limited,Birmingham,builders,Only 5 reviews,yes,
info@edwardconstruction.co.uk,Edward Construction,Birmingham,builders,Only 5 reviews,yes,
info@lotabuilders.co.uk,Lota Builders & Co Ltd,Birmingham,builders,Only 5 reviews,yes,
genieroofer@yahoo.com,Aqua Roofing Birmingham,Birmingham,roofers,Only 5 reviews,yes,
dsroofingspecialist@gmail.com,DS Roofing Specialist,Birmingham,roofers,Only 5 reviews,yes,
info@moseleygardening.co.uk,P W Gardening & Regular Maintenance,Birmingham,landscapers,Only 5 reviews,yes,
contact@bhamadvancedelectrical.com,Birmingham Advanced Electrical,Birmingham,electricians,Only 5 reviews,yes,
ron@alsbuildingservices.co.uk,A and L Building Services - Builders Portishead,Bristol,builders,Only 6 reviews,yes,
enquiries@thebuildbristolgroup.com,The Build Bristol Group,Bristol,builders,Only 6 reviews,yes,
info@renovatebristol.co.uk,Renovate Bristol,Bristol,builders,Only 6 reviews,yes,
alicia@aliciasavagegardens.com,Alicia Savage Gardens,Bristol,landscapers,Only 6 reviews,yes,
beaumontlandscaping@hotmail.com,Beaumont Landscaping,Bristol,landscapers,Only 6 reviews,yes,
contact@bristolskinclinic.co.uk,Bristol Skin Clinic,Bristol,aesthetic clinics,Only 6 reviews,yes,
ttsgym@outlook.com,The train station gym Bristol,Bristol,gyms,Only 6 reviews,yes,
info@powersportsgym.co.uk,Powersports Gym,Bristol,gyms,Only 6 reviews,yes,
info@corrigan.co.uk,Corrigan Accountants,Bristol,accountants,Only 6 reviews,yes,
bristol@nortonaccountancy.co.uk,Norton Accountancy Ltd,Bristol,accountants,Only 6 reviews,yes,
hello@henrybanwell.co.uk,Henry & Banwell Chartered Accountants,Bristol,accountants,Only 6 reviews,yes,
info@amdsolicitors.com,AMD Solicitors,Bristol,solicitors,Only 6 reviews,yes,
angiehdriving@gmail.com,AngieH Driving Academy,Bristol,driving schools,Only 6 reviews,yes,
emmacleaningcompany@gmail.com,Emma Cleaning Company Ltd,Bristol,cleaning companies,Only 6 reviews,yes,
info@shinygreen.co.uk,Shiny Green,Bristol,cleaning companies,Only 6 reviews,yes,
info@jcssouthwest.co.uk,JCS Southwest LTD,Bristol,cleaning companies,Only 6 reviews,yes,
impallari@gmail.com,Roll In Bathrooms Ltd,Birmingham,bathroom fitters,Only 6 reviews,yes,
paulwilson@chbuild.co.uk,Castlehall Building Services,Birmingham,builders,Only 6 reviews,yes,
brumshieldroofingandbuilding@gmail.com,Brumshield roofing and building,Birmingham,roofers,Only 6 reviews,yes,
westridgeroofing@hotmail.com,Westridge Roofing Midlands Ltd,Birmingham,roofers,Only 6 reviews,yes,
sales@milnerlandscapes.com,Milner Landscapes & Construction Ltd,Birmingham,landscapers,Only 6 reviews,yes,
webmaster@dimensiondriveways.co.uk,Dimension Driveways Ltd,Birmingham,driveway and paving,Only 6 reviews,yes,
hello@agreed.co.uk,Agreed.co.uk,Birmingham,estate agents,Only 6 reviews,yes,
edgbaston@localagent.co.uk,Open House Edgbaston,Birmingham,estate agents,Only 6 reviews,yes,
info@acmecleaningservices.co.uk,Acme Cleaning Services Ltd,Birmingham,cleaning companies,Only 6 reviews,yes,
paul@paulwhittakerbathrooms.co.uk,Paul Whittaker Bathrooms and Wetrooms,Bristol,bathroom fitters,Only 7 reviews,yes,
chad@taylormade2uconstruction.co.uk,Taylor Made 2 U Construction - GENERAL BUILDER & PLANT HIRE. Bristol & South Gloucestershire,Bristol,builders,Only 7 reviews,yes,
info@thecompleteroofingcompany.co.uk,The Complete Roofing Co Ltd,Bristol,roofers,Only 7 reviews,yes,
ah@dreroofingltd.uk,Dre Roofing Ltd,Bristol,roofers,Only 7 reviews,yes,
pipsgardenservices@outlook.com,Pip's Garden Services,Bristol,landscapers,Only 7 reviews,yes,
isaacbroadberry@gmail.com,Isaac Broadberry Electrical,Bristol,electricians,Only 7 reviews,yes,
sales@mietystone.co.uk,Miety Stone Ltd,Bristol,driveway and paving,Only 7 reviews,yes,
tedsheridan@whiterockaccountancy.co.uk,Whiterock Accountancy,Bristol,accountants,Only 7 reviews,yes,
info@dphlegal.com,DPH Legal Bristol Solicitors,Bristol,solicitors,Only 7 reviews,yes,
london@templebright.com,Temple Bright LLP,Bristol,solicitors,Only 7 reviews,yes,
helpdesk@fairmortgages.co.uk,Fair Mortgages Ltd,Bristol,mortgage brokers,Only 7 reviews,yes,
hello@geckolandscapes.co.uk,Gecko Landscape Solutions,Birmingham,landscapers,Only 7 reviews,yes,
info.skyline.paving@gmail.com,Skyline Paving,Birmingham,driveway and paving,Only 7 reviews,yes,
croft.paving@live.co.uk,Croft paving driveways & patios,Birmingham,driveway and paving,Only 7 reviews,yes,
info@jsamortgages.co.uk,J S Associates,Birmingham,mortgage brokers,Only 7 reviews,yes,
info@innovativecleaning.co.uk,Commercial Cleaning Services in Birmingham - Office Cleaning - Hotels Cleaning - Gym Cleaning - Innovative Cleaning Services,Birmingham,cleaning companies,Only 7 reviews,yes,
moseleyhomeclean@gmail.com,Moseley Home Cleaning Services (Birmingham) Bright & Beautiful,Birmingham,cleaning companies,Only 7 reviews,yes,
info@downsbrothers.co.uk,Downs Brothers - Kitchen and Bathroom Designers,Bristol,kitchen fitters,Only 8 reviews,yes,
mike.ogborne@blueyonder.co.uk,Dreams to Realisation - Bathroom Installation Bristol,Bristol,bathroom fitters,Only 8 reviews,yes,
bathroomvision@gmail.com,Bathroom Vision,Bristol,bathroom fitters,Only 8 reviews,yes,
info@brightgreenfutures.co.uk,Bright Green Futures,Bristol,builders,Only 8 reviews,yes,
eandmlandscapesltd@gmail.com,E & M Landscapes,Bristol,landscapers,Only 8 reviews,yes,
info@flogardendesignandbuild.co.uk,Flo Garden Design and Build,Bristol,landscapers,Only 8 reviews,yes,
josephverardi@sbcglobal.net,J V Landscaping LLC,Bristol,landscapers,Only 8 reviews,yes,
annawilks71@outlook.com,Anna the Gardener,Bristol,landscapers,Only 8 reviews,yes,
justin.aztec@hotmail.com,Aztec Paving ltd,Bristol,driveway and paving,Only 8 reviews,yes,
team@lawes.co.uk,Lawes & Co,Bristol,accountants,Only 8 reviews,yes,
enquiries@lyonslaw.co.uk,Lyons Solicitors - Kingswood,Bristol,solicitors,Only 8 reviews,yes,
info@bown2pass.co.uk,Bown 2 Pass Driving Tuition,Bristol,driving schools,Only 8 reviews,yes,
sales@cbees.co.uk,Clean Bees Cleaning,Bristol,cleaning companies,Only 8 reviews,yes,
info@ironwoodbuild.com,"Ironwood Homes, LLC",Birmingham,builders,Only 8 reviews,yes,
burkeconstructionservicesltd@gmail.com,Burke Construction Services,Birmingham,builders,Only 8 reviews,yes,
info@mybbuilders.co.uk,MYB BUILDERS LTD,Birmingham,builders,Only 8 reviews,yes,
info@roofersandbuilders.co.uk,C R Roofing - Roof Repairs in Birmingham,Birmingham,roofers,Only 8 reviews,yes,
info@birminghamindustrialroofing.co.uk,Birmingham Industrial Roofing,Birmingham,roofers,Only 8 reviews,yes,
info@wseeltd.com,Ws Electrical engineering,Birmingham,electricians,Only 8 reviews,yes,
enquiries@prestigious-driveways.co.uk,Prestigious Driveways,Birmingham,driveway and paving,Only 8 reviews,yes,
pkfitnessbham@gmai.com,PK FITNESS LLC,Birmingham,personal trainers,Only 8 reviews,yes,
info@alifandco.co.uk,Alif & Co Chartered Accountants,Birmingham,accountants,Only 8 reviews,yes,
info@thetaxman.co.uk,HM Accountants,Birmingham,accountants,Only 8 reviews,yes,
sales@maxwhit.co.uk,MaxWhit Services Ltd: Cleaning Services,Birmingham,cleaning companies,Only 8 reviews,yes,
space@kwboffice.com,KWB Corporate Cleaning,Birmingham,cleaning companies,Only 8 reviews,yes,
steve@swwrenbuildingservices.co.uk,S W Wren Building Services Ltd,Bristol,builders,Only 9 reviews,yes,
info@theroofingcompanybristol.co.uk,The Roofing Company (Bristol) Ltd,Bristol,roofers,Only 9 reviews,yes,
briscapesit@me.com,Custom Grounds Landscaping,Bristol,landscapers,Only 9 reviews,yes,
info@smartplumbingheatingbristol.co.uk,Smart Heating Bristol | Plumber Bristol,Bristol,plumbers,Only 9 reviews,yes,
info@localgrowthsystems.co.uk,SJD PLUMBING LTD,Bristol,plumbers,Only 9 reviews,yes,
hayattdriveways@gmail.com,Hayatt Driveways,Bristol,driveway and paving,Only 9 reviews,yes,
jake@rjsurfacing.co.uk,RJ Surfacing Ltd,Bristol,driveway and paving,Only 9 reviews,yes,
info@lastingimpressionsbristol.co.uk,Lasting Impressions Surfaces and Services Ltd,Bristol,driveway and paving,Only 9 reviews,yes,
info@redwoodlandscapesbristol.co.uk,Redwood Landscapes Southwest Ltd,Bristol,driveway and paving,Only 9 reviews,yes,
coachingwithjk@hotmail.com,Coaching With JK - Personal Trainer/Online Coach,Bristol,personal trainers,Only 9 reviews,yes,
andrew@fitnessforlifegyms.co.uk,Fitness for Life Ltd.,Bristol,personal trainers,Only 9 reviews,yes,
contact@ukexpatmortgage.com,UK Expat Mortgage,Bristol,mortgage brokers,Only 9 reviews,yes,
andy_pow@hotmail.com,Pow School of Motoring,Bristol,driving schools,Only 9 reviews,yes,
support@schedulista.com,Newmans Driving School,Bristol,driving schools,Only 9 reviews,yes,
bristol@minstercleaning.co.uk,Minster Cleaning Bristol,Bristol,cleaning companies,Only 9 reviews,yes,
info@matthewjameskitchens.co.uk,Matthew James Kitchens Birmingham,Birmingham,kitchen fitters,Only 9 reviews,yes,
info@1stchoiceroofers.uk,1st Choice Roofers,Birmingham,roofers,Only 9 reviews,yes,
info@armstrongelectricalco.com,Armstrong Electrical Contractors,Birmingham,electricians,Only 9 reviews,yes,
info@sayfelectricalservices.co.uk,SAYF ELECTRICAL SERVICES,Birmingham,electricians,Only 9 reviews,yes,
sewey_powerlifter@hotmail.com,PT Sewey,Birmingham,personal trainers,Only 9 reviews,yes,
support@cattery001.co.uk,The Birmingham Boutique Cattery,Birmingham,vets,Only 9 reviews,yes,
contact@sansoxygen.com,Simply’ Automatic driving school,Birmingham,driving schools,Only 9 reviews,yes,
info@bathroomfittingbristol.co.uk,Bathroom Fitting Bristol,Bristol,bathroom fitters,Only 10 reviews,yes,
anapbm@gmail.com,S.A.Graham Building contractors,Bristol,builders,Only 10 reviews,yes,
office@stone-co.co.uk,Stone & Co. Chartered Accountants,Bristol,accountants,Only 10 reviews,yes,
info@kingscote.co.uk,Kingscote Accountancy,Bristol,accountants,Only 10 reviews,yes,
melissa.willment@archelm.co.uk,ArchElm Chartered Accountants,Bristol,accountants,Only 10 reviews,yes,
sebastian@aldusleaf.org,Julie English Interiors,Birmingham,bathroom fitters,Only 10 reviews,yes,
buildersprimeal@gmail.com,Prime-Al Builders,Birmingham,builders,Only 10 reviews,yes,
construction@jericho.org.uk,Jericho Construction,Birmingham,builders,Only 10 reviews,yes,
info@mrebuilders.co.uk,MR E. BUILDERS | Builders in Birmingham,Birmingham,builders,Only 10 reviews,yes,
info@myroofers.co.uk,CR Building & Roofing,Birmingham,roofers,Only 10 reviews,yes,
info@bennettelectricalservices.co.uk,Bennett Electrical Services,Birmingham,electricians,Only 10 reviews,yes,
info@silveroakdriveways.co.uk,Silveroak Driveways Ltd,Birmingham,driveway and paving,Only 10 reviews,yes,
info@achievehealth.uk,Achieve Aesthetics Birmingham,Birmingham,aesthetic clinics,Only 10 reviews,yes,
marvelatthestudio@gmail.com,Marvel the Studio,Birmingham,personal trainers,Only 10 reviews,yes,
info@rraccountants.co.uk,RR Accountants Bordesley Green Birmingham,Birmingham,accountants,Only 10 reviews,yes,
info@fountainsolicitors.com,Fountain Solicitors,Birmingham,solicitors,Only 10 reviews,yes,
enquiries@protusfs.co.uk,Protus Financial Services Ltd,Birmingham,mortgage brokers,Only 10 reviews,yes,
info@bespoiltbirmingham.co.uk,Be Spoilt Birmingham - Residential & Commercial Cleaning Services,Birmingham,cleaning companies,Only 10 reviews,yes,
info@valutobuilders.co.uk,Valuto Builders Ltd,Bristol,builders,Only 11 reviews,yes,
hello@smartlandscapedesign.co.uk,Smart Landscape Design,Bristol,landscapers,Only 11 reviews,yes,
innesdesignstudio@gmail.com,Innes Design Studio,Bristol,landscapers,Only 11 reviews,yes,
barkandgardens@gmail.com,Bark and Gardens,Bristol,landscapers,Only 11 reviews,yes,
urbanpavingbristol@gmail.com,Urban Paving Bristol,Bristol,driveway and paving,Only 11 reviews,yes,
acornsurfacing@hotmail.co.uk,Acorn Surfacing Ltd,Bristol,driveway and paving,Only 11 reviews,yes,
hello@sculptskin.co.uk,Sculptskin,Bristol,aesthetic clinics,Only 11 reviews,yes,
info@hannahdonkin.com,Hannah Donkin Personal Trainer,Bristol,personal trainers,Only 11 reviews,yes,
info@octaneaccountants.co.uk,Octane Accountants,Bristol,accountants,Only 11 reviews,yes,
enquiries@buckles-law.co.uk,Buckles Law Bristol,Bristol,solicitors,Only 11 reviews,yes,
mdsbristol@outlook.com,Mays School of Motoring,Bristol,driving schools,Only 11 reviews,yes,
info@brilliantcleaningcontractors.co.uk,Brilliant Cleaning Contractors Ltd,Bristol,cleaning companies,Only 11 reviews,yes,
siddiqerrahman@gmail.com,Skilled Builder Ltd,Birmingham,builders,Only 11 reviews,yes,
andy@doughtyconstruction.co.uk,Doughty Construction,Birmingham,builders,Only 11 reviews,yes,
lhelectricalservices01@gmail.com,LH Electrical Services (Midlands) Ltd,Birmingham,electricians,Only 11 reviews,yes,
pro_pave@hotmail.co.uk,Pro Pave,Birmingham,driveway and paving,Only 11 reviews,yes,
adrian@bristolgarden.co.uk,Adrian Stoute,Bristol,landscapers,Only 12 reviews,yes,
info@land-stone.com,LandStone Landscaping Bath Bristol,Bristol,landscapers,Only 12 reviews,yes,
webmaster@parkstonehomeimprovements.co.uk,Parkstone Home Improvements,Bristol,driveway and paving,Only 12 reviews,yes,
hello@brockmanaccountants.co.uk,Brockman Accountants Ltd,Bristol,accountants,Only 12 reviews,yes,
hello@fd-works.co.uk,FD Works | Bristol accountants and bookkeepers,Bristol,accountants,Only 12 reviews,yes,
gibsonskitchens@icloud.com,Gibson's Kitchens Ltd,Birmingham,kitchen fitters,Only 12 reviews,yes,
info@eurohousing.co.uk,Euro Housing Builders,Birmingham,builders,Only 12 reviews,yes,
pplandscape05@gmail.com,Picture Perfect Landscape & Design Ltd,Birmingham,landscapers,Only 12 reviews,yes,
info@tardrives.co.uk,Tar-Drives,Birmingham,driveway and paving,Only 12 reviews,yes,
hello@cosmeticsmileclinic.co.uk,Cosmetic Smile Clinic - Birmingham Cosmetic Dentist,Birmingham,dentists,Only 12 reviews,yes,
hello@prgrsfitness.co.uk,PRGRS,Birmingham,personal trainers,Only 12 reviews,yes,
solutions@fraserrussell.com,Fraser Russell Limited,Birmingham,accountants,Only 12 reviews,yes,
info@corvell.co.uk,Corvell ltd,Bristol,bathroom fitters,Only 13 reviews,yes,
info@dowlingbuildingsolutions.co.uk,Dowling Building Solutions Ltd,Bristol,builders,Only 13 reviews,yes,
jwcarpentry44@gmail.com,JW Carpentry & Build Ltd,Bristol,builders,Only 13 reviews,yes,
l.b.landscaping@outlook.com,LB Landscaping,Bristol,landscapers,Only 13 reviews,yes,
ross@cparkerandson.co.uk,C Parker & Son Electrical Contractors,Bristol,electricians,Only 13 reviews,yes,
bcdriveways@outlook.com,B C Driveways Bristol,Bristol,driveway and paving,Only 13 reviews,yes,
info@bristolbeauty.com,Bristol Beauty,Bristol,beauty salons,Only 13 reviews,yes,
snlfitness@outlook.com,SNL Fitness,Bristol,personal trainers,Only 13 reviews,yes,
enquiries@tc-group.com,TC Group - East Bristol,Bristol,accountants,Only 13 reviews,yes,
data.protection@mab.org.uk,Mortgage Advice Bureau,Bristol,mortgage brokers,Only 13 reviews,yes,
clifton@dyerandscott.co.uk,Dyer and Scott,Bristol,opticians,Only 13 reviews,yes,
cleaning-genie@outlook.com,Cleaning Genie,Bristol,cleaning companies,Only 13 reviews,yes,
info@prestigeclean.email,Prestige Cleaning & Maintenance Ltd,Bristol,cleaning companies,Only 13 reviews,yes,
bledarcekini123@gmail.com,BLEDI BUILDERS LTD,Birmingham,builders,Only 13 reviews,yes,
info@arkabuilders.co.uk,ARKA Builders LTD,Birmingham,builders,Only 13 reviews,yes,
craftsmanplumbinginc@yahoo.com,"Craftsman Plumbing, Inc.",Birmingham,plumbers,Only 13 reviews,yes,
ian@maedwards.co.uk,M A Edwards - Accountants Birmingham,Birmingham,accountants,Only 13 reviews,yes,
contact@sansoxygen.com,Plumb-Eco Plumbing and Heating Services,Bristol,bathroom fitters,Only 14 reviews,yes,
sam@doe.com,Bristol Carpentry & Construction Ltd,Bristol,builders,Only 14 reviews,yes,
sales@jasbuildingservices.co.uk,JAS Building Services (Bristol) Ltd,Bristol,builders,Only 14 reviews,yes,
workmanroofing@hotmail.com,Workman Roofing and Building LTD,Bristol,roofers,Only 14 reviews,yes,
brotherssouthwest@outlook.com,Brothers Fencing & Landscaping,Bristol,landscapers,Only 14 reviews,yes,
enquiries@abbeywoodpavingbristol.co.uk,Abbeywood Paving,Bristol,driveway and paving,Only 14 reviews,yes,
enquiries@newlooksurfacing.co.uk,Newlook Surfacing Ltd,Bristol,driveway and paving,Only 14 reviews,yes,
danibrowntraining@gmail.com,The Body Matters | Personal Training,Bristol,personal trainers,Only 14 reviews,yes,
info@mhcandco.co.uk,MHC & Co Chartered Accountants Bristol,Bristol,accountants,Only 14 reviews,yes,
info.portishead@valevets.co.uk,Vale Vets,Bristol,vets,Only 14 reviews,yes,
hello@cobwebcleanersbristol.co.uk,Cobweb Cleaners Limited,Bristol,cleaning companies,Only 14 reviews,yes,
harbornesales@thekitchencentre.co.uk,The Kitchen Centre,Birmingham,kitchen fitters,Only 14 reviews,yes,
newlinehomeimprovementsltd@gmail.com,Newline Home improvements Ltd,Birmingham,roofers,Only 14 reviews,yes,
info@birmingham-driveways.com,Birmingham Driveways Ltd,Birmingham,driveway and paving,Only 14 reviews,yes,
enquiries@drknowlesaesthetics.co.uk,Dr Knowles Aesthetics,Birmingham,aesthetic clinics,Only 14 reviews,yes,
trey@lpfit.com,Lakeview Personal Fitness,Birmingham,personal trainers,Only 14 reviews,yes,
sales@birminghamoptical.co.uk,Birmingham Optical,Birmingham,opticians,Only 14 reviews,yes,
info@bristolgeneralbuilders.co.uk,Bristol General Builders,Bristol,builders,Only 15 reviews,yes,
matt@thegardensaint.com,The Garden Saint,Bristol,landscapers,Only 15 reviews,yes,
info@smartelectricssw.co.uk,Smart Electrics SW Ltd,Bristol,electricians,Only 15 reviews,yes,
info@goldcoastaestheticsuk.com,Gold Coast Aesthetics,Bristol,aesthetic clinics,Only 15 reviews,yes,
info@lindenaccountants.co.uk,Linden Accountants Ltd,Bristol,accountants,Only 15 reviews,yes,
info@thebestintensive.co.uk,The Best Intensive Bristol,Bristol,driving schools,Only 15 reviews,yes,
hello@classicinteriors.co.uk,Classic Interiors - Solihull Kitchen Showroom,Birmingham,kitchen fitters,Only 15 reviews,yes,
info@kingsnortonkitchens.co.uk,Kings Norton Kitchens Ltd,Birmingham,kitchen fitters,Only 15 reviews,yes,
jtaylorroofingandbuilding@gmail.com,J Taylor Roofing & Building Ltd,Birmingham,roofers,Only 15 reviews,yes,
info@ffrelectricalservices.co.uk,FFR Electrical Services LTD,Birmingham,electricians,Only 15 reviews,yes,
info@aanddblockpavingspecialist.com,A & D Blockpaving,Birmingham,driveway and paving,Only 15 reviews,yes,
info@mortgo.co.uk,Mortgo Mortgages - Mortgages Simplified,Birmingham,mortgage brokers,Only 15 reviews,yes,
enquiries@deepcleanextreme.co.uk,Deep Clean Extreme,Birmingham,cleaning companies,Only 15 reviews,yes,
info@downendkitchencompany.co.uk,Downend Kitchen Company Ltd,Bristol,kitchen fitters,Only 16 reviews,yes,
luke@bristolbuilders.co.uk,Luke's Building Services,Bristol,builders,Only 16 reviews,yes,
blueskyroofingbristol@gmail.com,Blue Sky Roofing Bristol,Bristol,roofers,Only 16 reviews,yes,
info@smithsservices.co.uk,Smiths Services: plumbing - heating - water,Bristol,plumbers,Only 16 reviews,yes,
hello@wearebravemove.com,Brave Move,Bristol,personal trainers,Only 16 reviews,yes,
info@hqmf.co.uk,Jamie Griffiths Mortgage and Protection advisor -HQ Mortgage and Finance,Bristol,mortgage brokers,Only 16 reviews,yes,
vanguardkitchens@outlook.com,Vanguard Kitchens and Bathrooms UK,Birmingham,kitchen fitters,Only 16 reviews,yes,
info@planitlandscapes.co.uk,Plan-It Landscapes,Birmingham,landscapers,Only 16 reviews,yes,
info@greenlandscapingbham.com,Green Landscaping,Birmingham,landscapers,Only 16 reviews,yes,
spbelectrical@blueyonder.co.uk,S P B Electrical Services Ltd,Birmingham,electricians,Only 16 reviews,yes,
info@checkmymortgage.co.uk,Check My Mortgage,Birmingham,mortgage brokers,Only 16 reviews,yes,
info@gearupgirls.co.uk,GEAR UP GIRLS (female Auto driving instructor)Birmingham,Birmingham,driving schools,Only 16 reviews,yes,
info@greatwoodjenkins.co.uk,Greatwood Jenkins Ltd Kitchens Bathrooms Bedrooms,Bristol,kitchen fitters,Only 17 reviews,yes,
info@mounteverestconstruction.co.uk,Mount Everest Construcion Ltd,Bristol,builders,Only 17 reviews,yes,
info@bristolaesthetics.org.uk,Bristol Aesthetics,Bristol,aesthetic clinics,Only 17 reviews,yes,
getfitwithkimmy@outlook.com,Get fit with Kimmy personal trainer,Bristol,personal trainers,Only 17 reviews,yes,
eyeclinic@uwe.ac.uk,UWE Eye Clinic,Bristol,opticians,Only 17 reviews,yes,
info@werkinnovativehomes.com,Werk Innovative Homes,Birmingham,builders,Only 17 reviews,yes,
empirebuilders@icloud.com,empirebuilders,Birmingham,builders,Only 17 reviews,yes,
info@testeam.co.uk,Technical Electrical Solutions,Birmingham,electricians,Only 17 reviews,yes,
info@cgzabeth.com,CGZABETH Cleaning Services,Birmingham,cleaning companies,Only 17 reviews,yes,
reactivations@ueni.com,CIMA-Fit,Bristol,personal trainers,Only 18 reviews,yes,
bristol@bookcheck.co.uk,BookCheck Bristol,Bristol,accountants,Only 18 reviews,yes,
info@shinecommercialcleaning.co.uk,Shine Commercial Cleaning,Bristol,cleaning companies,Only 18 reviews,yes,
info@fairwaybristolcleaning.co.uk,Fairway Support Services,Bristol,cleaning companies,Only 18 reviews,yes,
clearvision_@outlook.com,Clear Vision Window and Gutter Cleaning Services Bristol,Bristol,cleaning companies,Only 18 reviews,yes,
contact@exclusivekitchensnuneaton.com,Exclusive Kitchens,Birmingham,kitchen fitters,Only 18 reviews,yes,
hello@classicinteriors.co.uk,Classic Interiors - Birmingham Kitchen Showroom,Birmingham,kitchen fitters,Only 18 reviews,yes,
infopssconstructions@gmail.com,PSS Constructions,Birmingham,builders,Only 18 reviews,yes,
jude@jmsroofing.co.uk,JMS Roofing & Building Ltd,Birmingham,roofers,Only 18 reviews,yes,
claritylandscapesltd@gmail.com,Clarity Landscapes Ltd,Birmingham,landscapers,Only 18 reviews,yes,
info@capitalroofingandlandscapesltd.co.uk,Capital Roofing & Landscapes Ltd,Bristol,roofers,Only 19 reviews,yes,
info@willis-electrical.com,Willis Electrical Ltd,Bristol,electricians,Only 19 reviews,yes,
rehillandson@gmail.com,R E Hill & Son,Bristol,driveway and paving,Only 19 reviews,yes,
enquiries@albertgoodman.co.uk,Albert Goodman,Bristol,accountants,Only 19 reviews,yes,
info@harbordopticians.co.uk,Mike Harbord Opticians,Bristol,opticians,Only 19 reviews,yes,
info@bmpcleaning.co.uk,BM Professional Cleaning,Bristol,cleaning companies,Only 19 reviews,yes,
info@trumankitchens.co.uk,Truman Kitchens,Birmingham,kitchen fitters,Only 19 reviews,yes,
sales@kitchenfaces.co.uk,Kitchen Faces Limited,Birmingham,kitchen fitters,Only 19 reviews,yes,
hello@builtbymv.co.uk,Mountainview Construction Design & Build,Birmingham,builders,Only 19 reviews,yes,
info@bricksandroses.com,Bricks & Roses,Birmingham,landscapers,Only 19 reviews,yes,
hello@tecmow.com,Tec Mow,Birmingham,landscapers,Only 19 reviews,yes,
pampersalonbirmingham@outlook.com,Pamper Salon Birmingham,Birmingham,beauty salons,Only 19 reviews,yes,
iwebsite@tcmscleaning.com,TCMS Industrial and Commercial Cleaning,Birmingham,cleaning companies,Only 19 reviews,yes,
